ID Group,Group,ID Industry,Industry,ID Year,Year,ID State,State,Workforce by Industry and Gender,Workforce by Industry and Gender Moe,ACS Industry yg RCA,Geography,ID Geography,Slug Geography,Median Earnings,Median Earnings Moe,Workforce Prev,Workforce Growth,Median Earnings Prev,Median Earnings Growth,Share
0,"Agriculture, Forestry, Fishing & Hunting, & Mining",0,"Agriculture, Forestry, Fishing & Hunting",2022,"2022","04000US36","New York",3462,604.4667071063551,0.07025494343043617,"New York, NY","16000US3651000","new-york-ny",70134,29319,3470,-0.23054755043227668,52896,32.58847549909255,0.08426059743732905
0,"Agriculture, Forestry, Fishing & Hunting, & Mining",1,"Mining, Quarrying, & Oil & Gas Extraction",2022,"2022","04000US36","New York",478,209.267771049438,0.026423191387191593,"New York, NY","16000US3651000","new-york-ny",58750,31637,539,-11.317254174397032,110522,-46.84316244729556,0.011633901090422671
1,"Construction (Group)",2,"Construction",2022,"2022","04000US36","New York",211140,3970.9350284284433,0.7473153410742018,"New York, NY","16000US3651000","new-york-ny",102974,3569,214946,-1.770677286388209,96556,6.646919922117735,5.138874218058248
2,"Manufacturing (Group)",3,"Manufacturing",2022,"2022","04000US36","New York",120573,3147.133616483419,0.29372533082742813,"New York, NY","16000US3651000","new-york-ny",97616,4220,126888,-4.9768299602799315,89893,8.591325242232433,2.9345907032960934
3,"Wholesale Trade (Group)",4,"Wholesale Trade",2022,"2022","04000US36","New York",74114,2375.839430601319,0.7511504329578436,"New York, NY","16000US3651000","new-york-ny",108538,5245,78552,-5.649760668092474,101537,6.895023488974463,1.803838797940556
4,"Retail Trade (Group)",5,"Retail Trade",2022,"2022","04000US36","New York",360339,5865.31294987744,0.7980690504575371,"New York, NY","16000US3651000","new-york-ny",63160,1322,366400,-1.6542030567685588,57865,9.150609176531582,8.770184696698358
5,"Transportation & Warehousing, & Utilities",6,"Transportation & Warehousing",2022,"2022","04000US36","New York",261179,4852.793525383086,1.285156062074614,"New York, NY","16000US3651000","new-york-ny",87936,2208,261969,-0.301562398604415,80912,8.681036187462924,6.356758688065906
5,"Transportation & Warehousing, & Utilities",7,"Utilities",2022,"2022","04000US36","New York",15440,1087.270435540303,0.4489276759948902,"New York, NY","16000US3651000","new-york-ny",171956,23988,15623,-1.1713499327913972,150953,13.91360224705703,0.37578960844377834
6,"Information (Group)",8,"Information",2022,"2022","04000US36","New York",157556,3535.665425347823,2.0199610836880617,"New York, NY","16000US3651000","new-york-ny",173120,4749,158833,-0.8039890954650482,158474,9.24189456945619,3.834709038080825
7,"Finance & Insurance, & Real Estate & Rental & Leasing",9,"Finance & Insurance",2022,"2022","04000US36","New York",265951,4718.819025985209,1.3577401200275157,"New York, NY","16000US3651000","new-york-ny",243508,6925,265238,0.26881517731245147,220955,10.207055735330723,6.472902989328451
7,"Finance & Insurance, & Real Estate & Rental & Leasing",10,"Real Estate & Rental & Leasing",2022,"2022","04000US36","New York",117915,3334.436384158498,1.5170886208132885,"New York, NY","16000US3651000","new-york-ny",115986,2815,123914,-4.8412608744774595,107771,7.622644310621595,2.869898424847676
8,"Professional, Scientific, & Management, & Administrative & Waste Management Services",11,"Professional, Scientific, & Technical Services",2022,"2022","04000US36","New York",427880,5971.497383403931,1.327046382530034,"New York, NY","16000US3651000","new-york-ny",189765,2806,425353,0.5940947871532586,172711,9.874298683928643,10.414045185292997
8,"Professional, Scientific, & Management, & Administrative & Waste Management Services",12,"Management of Companies & Enterprises",2022,"2022","04000US36","New York",5007,524.7551810130129,0.8791718604693686,"New York, NY","16000US3651000","new-york-ny",195575,28738,4972,0.7039420756234915,155017,26.163582058741948,0.12186389698691698
8,"Professional, Scientific, & Management, & Administrative & Waste Management Services",13,"Administrative & Support & Waste Management Services",2022,"2022","04000US36","New York",165461,3620.444171645242,0.970429924336465,"New York, NY","16000US3651000","new-york-ny",73535,2348,166727,-0.7593251243050015,69090,6.433637284701114,4.027106502766581
9,"Educational Services, & Health Care & Social Assistance",14,"Educational Services",2022,"2022","04000US36","New York",397118,5827.317907922992,1.0375686561156514,"New York, NY","16000US3651000","new-york-ny",119625,2971,398234,-0.28023724744748063,111052,7.719806937290638,9.66533793562023
9,"Educational Services, & Health Care & Social Assistance",15,"Health Care & Social Assistance",2022,"2022","04000US36","New York",763026,7280.763833554828,1.33262924555319,"New York, NY","16000US3651000","new-york-ny",98016,1696,767350,-0.5634977520036489,91163,7.517304169454713,18.571064881633575
10,"Arts, Entertainment, & Recreation, & Accommodation & Food Services",16,"Arts, Entertainment, & Recreation",2022,"2022","04000US36","New York",114246,3079.5280482567455,1.3351922872193973,"New York, NY","16000US3651000","new-york-ny",88392,3804,117922,-3.1173148352300672,81446,8.528350072440634,2.7805997154318587
10,"Arts, Entertainment, & Recreation, & Accommodation & Food Services",17,"Accommodation & Food Services",2022,"2022","04000US36","New York",279507,4792.225787669025,0.9886458077187654,"New York, NY","16000US3651000","new-york-ny",56408,1321,290798,-3.882763980495051,51345,9.860745934365568,6.802838477156421
11,"Other Services, Except Public Administration (Group)",18,"Other Services, Except Public Administration",2022,"2022","04000US36","New York",206108,4221.925863868289,1.0615192274263052,"New York, NY","16000US3651000","new-york-ny",,,211988,-2.7737419099194294,,NaN,5.016401853441079
12,"Public Administration (Group)",19,"Public Administration",2022,"2022","04000US36","New York",162182,3643.507238911431,0.842506683222446,"New York, NY","16000US3651000","new-york-ny",151188,3202,164657,-1.503124677359602,141524,6.828523783951838,3.9472998883826977
0,"Agriculture, Forestry, Fishing & Hunting, & Mining",0,"Agriculture, Forestry, Fishing & Hunting",2021,"2021","04000US36","New York",3470,542.0793299877796,0.06934147530709299,"New York, NY","16000US3651000","new-york-ny",52896,9176,3162,9.740670461733082,50093,5.59559219851077,0.08332586922449069
0,"Agriculture, Forestry, Fishing & Hunting, & Mining",1,"Mining, Quarrying, & Oil & Gas Extraction",2021,"2021","04000US36","New York",539,206.8864422817503,0.028262460394480066,"New York, NY","16000US3651000","new-york-ny",110522,62026,568,-5.105633802816902,168437,-34.383775536253914,0.012943124931412243
1,"Construction (Group)",2,"Construction",2021,"2021","04000US36","New York",214946,4695.857749123157,0.7585947217558838,"New York, NY","16000US3651000","new-york-ny",96556,2758,204755,4.97716783472931,93437,3.3380780632939846,5.161545327471867
2,"Manufacturing (Group)",3,"Manufacturing",2021,"2021","04000US36","New York",126888,3254.600589934193,0.3040251074480946,"New York, NY","16000US3651000","new-york-ny",89893,4381,126118,0.6105393361772308,84324,6.604288221621365,3.0469893066735376
3,"Wholesale Trade (Group)",4,"Wholesale Trade",2021,"2021","04000US36","New York",78552,2384.853244960788,0.7585516947977765,"New York, NY","16000US3651000","new-york-ny",101537,4768,78383,0.21560797621933328,97617,4.0156939877275475,1.8862863629170583
4,"Retail Trade (Group)",5,"Retail Trade",2021,"2021","04000US36","New York",366400,5290.857113927761,0.8032403934955428,"New York, NY","16000US3651000","new-york-ny",57865,1212,361538,1.3448102274173117,54709,5.768703503993859,8.798443367104722
5,"Transportation & Warehousing, & Utilities",6,"Transportation & Warehousing",2021,"2021","04000US36","New York",261969,5049.290643248812,1.3041228902570379,"New York, NY","16000US3651000","new-york-ny",80912,2032,249668,4.926942980277809,78155,3.5276053995265815,6.290718914948301
5,"Transportation & Warehousing, & Utilities",7,"Utilities",2021,"2021","04000US36","New York",15623,1062.124757267243,0.4517377289828197,"New York, NY","16000US3651000","new-york-ny",150953,22427,15034,3.917786350937874,140800,7.2109375,0.3751585172605816
6,"Information (Group)",8,"Information",2021,"2021","04000US36","New York",158833,3824.2977133063273,1.981884483076141,"New York, NY","16000US3651000","new-york-ny",158474,4689,154017,3.126927546959102,149032,6.335552096194105,3.814091581133582
7,"Finance & Insurance, & Real Estate & Rental & Leasing",9,"Finance & Insurance",2021,"2021","04000US36","New York",265238,4632.37789909243,1.3447315826734343,"New York, NY","16000US3651000","new-york-ny",220955,5312,258279,2.694373139124745,208702,5.871050588877921,6.3692181271946575
7,"Finance & Insurance, & Real Estate & Rental & Leasing",10,"Real Estate & Rental & Leasing",2021,"2021","04000US36","New York",123914,3206.7424280724513,1.5504588890943631,"New York, NY","16000US3651000","new-york-ny",107771,2509,124265,-0.28246086991510083,102581,5.059416461138028,2.9755739939722017
8,"Professional, Scientific, & Management, & Administrative & Waste Management Services",11,"Professional, Scientific, & Technical Services",2021,"2021","04000US36","New York",425353,6443.560661621803,1.3367022293622703,"New York, NY","16000US3651000","new-york-ny",172711,3464,406261,4.699441984340116,163839,5.4150721134772555,10.214094654825589
8,"Professional, Scientific, & Management, & Administrative & Waste Management Services",12,"Management of Companies & Enterprises",2021,"2021","04000US36","New York",4972,497.1005934416092,0.8396318679761782,"New York, NY","16000US3651000","new-york-ny",155017,33713,4586,8.416921064108156,154899,0.07617867126321022,0.11939372385710886
8,"Professional, Scientific, & Management, & Administrative & Waste Management Services",13,"Administrative & Support & Waste Management Services",2021,"2021","04000US36","New York",166727,4221.9090468649365,0.9615853983894591,"New York, NY","16000US3651000","new-york-ny",69090,1973,161012,3.549424887586018,65748,5.0830443511589705,4.003651930314599
9,"Educational Services, & Health Care & Social Assistance",14,"Educational Services",2021,"2021","04000US36","New York",398234,6051.417850388452,1.024715866714101,"New York, NY","16000US3651000","new-york-ny",111052,2386,381386,4.417571699013598,105520,5.242608036391205,9.562880174278336
9,"Educational Services, & Health Care & Social Assistance",15,"Health Care & Social Assistance",2021,"2021","04000US36","New York",767350,7655.11835310206,1.3160095894934567,"New York, NY","16000US3651000","new-york-ny",91163,1396,729707,5.158645867450908,86719,5.1245978389972215,18.426543443634852
10,"Arts, Entertainment, & Recreation, & Accommodation & Food Services",16,"Arts, Entertainment, & Recreation",2021,"2021","04000US36","New York",117922,3366.256823238536,1.3514615268216696,"New York, NY","16000US3651000","new-york-ny",81446,3366,117566,0.3028086351496181,79040,3.044028340080972,2.831686786942476
10,"Arts, Entertainment, & Recreation, & Accommodation & Food Services",17,"Accommodation & Food Services",2021,"2021","04000US36","New York",290798,4924.243089044244,0.995712841077843,"New York, NY","16000US3651000","new-york-ny",51345,1268,295912,-1.7282164967963447,49012,4.760058761119726,6.982995999637881
11,"Other Services, Except Public Administration (Group)",18,"Other Services, Except Public Administration",2021,"2021","04000US36","New York",211988,4517.503403429819,1.071200790075627,"New York, NY","16000US3651000","new-york-ny",,,209462,1.2059466633565992,,NaN,5.090514226271278
12,"Public Administration (Group)",19,"Public Administration",2021,"2021","04000US36","New York",164657,3538.463084447823,0.8416463615701262,"New York, NY","16000US3651000","new-york-ny",141524,3089,158327,3.9980546590284667,134363,5.329592224049776,3.953944567405465
0,"Agriculture, Forestry, Fishing & Hunting, & Mining",0,"Agriculture, Forestry, Fishing & Hunting",2020,"2020","04000US36","New York",3162,489.4772721996396,0.06379935803941043,"New York, NY","16000US3651000","new-york-ny",50093,10386,3571,-11.453374404928592,47039,6.492484959289101,0.07826721049424183
0,"Agriculture, Forestry, Fishing & Hunting, & Mining",1,"Mining, Quarrying, & Oil & Gas Extraction",2020,"2020","04000US36","New York",568,227.48406537601704,0.029378926833353906,"New York, NY","16000US3651000","new-york-ny",168437,139376,635,-10.551181102362204,176088,-4.344986597610285,0.014059385060319219
1,"Construction (Group)",2,"Construction",2020,"2020","04000US36","New York",204755,4164.389150883956,0.7585055759700481,"New York, NY","16000US3651000","new-york-ny",93437,3930,210187,-2.5843653508542395,88866,5.143699502621925,5.0681855422987
2,"Manufacturing (Group)",3,"Manufacturing",2020,"2020","04000US36","New York",126118,3192.9979642962503,0.3116018663540692,"New York, NY","16000US3651000","new-york-ny",84324,4956,131265,-3.9210756865881997,80046,5.344426954501162,3.1217280370375686
3,"Wholesale Trade (Group)",4,"Wholesale Trade",2020,"2020","04000US36","New York",78383,2526.1055005680187,0.7615016832077443,"New York, NY","16000US3651000","new-york-ny",97617,4458,83822,-6.488749970174894,94624,3.16304531619885,1.9401703858855657
4,"Retail Trade (Group)",5,"Retail Trade",2020,"2020","04000US36","New York",361538,5621.464044179239,0.8113029965334302,"New York, NY","16000US3651000","new-york-ny",54709,1381,371804,-2.7611322094436854,51815,5.585255234970568,8.9489471055241
5,"Transportation & Warehousing, & Utilities",6,"Transportation & Warehousing",2020,"2020","04000US36","New York",249668,4633.238608144416,1.3214024305243255,"New York, NY","16000US3651000","new-york-ny",78155,2260,252142,-0.9811931372004664,75994,2.84364555096455,6.1798918120418636
5,"Transportation & Warehousing, & Utilities",7,"Utilities",2020,"2020","04000US36","New York",15034,977.8553062697977,0.4509897739304653,"New York, NY","16000US3651000","new-york-ny",140800,19300,14932,0.6830967050629521,140441,0.2556233578513397,0.37212816020570266
6,"Information (Group)",8,"Information",2020,"2020","04000US36","New York",154017,3658.9651542478505,1.937870191694367,"New York, NY","16000US3651000","new-york-ny",149032,3782,156529,-1.60481444332999,143505,3.851433747953033,3.8122963183718044
7,"Finance & Insurance, & Real Estate & Rental & Leasing",9,"Finance & Insurance",2020,"2020","04000US36","New York",258279,4327.210648905366,1.3675076060419395,"New York, NY","16000US3651000","new-york-ny",208702,6068,257840,0.17026062674526837,201428,3.611215918343031,6.393035059848922
7,"Finance & Insurance, & Real Estate & Rental & Leasing",10,"Real Estate & Rental & Leasing",2020,"2020","04000US36","New York",124265,3193.6800090178103,1.5817212801736664,"New York, NY","16000US3651000","new-york-ny",102581,2141,127591,-2.6067669349719025,99683,2.9072158743215994,3.075861768522126
8,"Professional, Scientific, & Management, & Administrative & Waste Management Services",11,"Professional, Scientific, & Technical Services",2020,"2020","04000US36","New York",406261,4899.271476454433,1.3540840386522757,"New York, NY","16000US3651000","new-york-ny",163839,2676,399640,1.6567410669602642,157322,4.1424594144493465,10.055950411954834
8,"Professional, Scientific, & Management, & Administrative & Waste Management Services",12,"Management of Companies & Enterprises",2020,"2020","04000US36","New York",4586,547.5326474284433,0.8166964256046567,"New York, NY","16000US3651000","new-york-ny",154899,19747,4450,3.0561797752808992,151573,2.194322207781069,0.1135146828989858
8,"Professional, Scientific, & Management, & Administrative & Waste Management Services",13,"Administrative & Support & Waste Management Services",2020,"2020","04000US36","New York",161012,3526.848167982285,0.953059019776889,"New York, NY","16000US3651000","new-york-ny",65748,2454,162399,-0.8540692984562713,62682,4.891356370249833,3.985439625584714
9,"Educational Services, & Health Care & Social Assistance",14,"Educational Services",2020,"2020","04000US36","New York",381386,5249.169172354803,1.0137456269419798,"New York, NY","16000US3651000","new-york-ny",105520,2245,377992,0.897902601113251,102225,3.2232819760332596,9.440233504603707
9,"Educational Services, & Health Care & Social Assistance",15,"Health Care & Social Assistance",2020,"2020","04000US36","New York",729707,7069.263964515683,1.2916907078301851,"New York, NY","16000US3651000","new-york-ny",86719,1374,719467,1.4232758416994804,83510,3.842653574422225,18.062027630652032
10,"Arts, Entertainment, & Recreation, & Accommodation & Food Services",16,"Arts, Entertainment, & Recreation",2020,"2020","04000US36","New York",117566,3037.4021794948394,1.3497496550752819,"New York, NY","16000US3651000","new-york-ny",79040,3570,119625,-1.7212121212121214,74088,6.683943418637297,2.9100451831012135
10,"Arts, Entertainment, & Recreation, & Accommodation & Food Services",17,"Accommodation & Food Services",2020,"2020","04000US36","New York",295912,4523.227277066674,1.0112653195548282,"New York, NY","16000US3651000","new-york-ny",49012,670,319072,-7.258549794403771,47634,2.8928916320275433,7.324543577410529
11,"Other Services, Except Public Administration (Group)",18,"Other Services, Except Public Administration",2020,"2020","04000US36","New York",209462,4492.701859683101,1.0752669250242475,"New York, NY","16000US3651000","new-york-ny",,,215991,-3.0228111356491705,,NaN,5.184695270254549
12,"Public Administration (Group)",19,"Public Administration",2020,"2020","04000US36","New York",158327,3562.9482174177047,0.8402005368334496,"New York, NY","16000US3651000","new-york-ny",134363,3046,154261,2.6357925852937556,132552,1.366256261693524,3.9189793282485224
0,"Agriculture, Forestry, Fishing & Hunting, & Mining",0,"Agriculture, Forestry, Fishing & Hunting",2019,"2019","04000US36","New York",3571,413.20817997711515,0.06945318601329235,"New York, NY","16000US3651000","new-york-ny",47039,4335,3327,7.333934475503456,44067,6.744275761908004,0.08745559565195564
0,"Agriculture, Forestry, Fishing & Hunting, & Mining",1,"Mining, Quarrying, & Oil & Gas Extraction",2019,"2019","04000US36","New York",635,161.9660458244258,0.03033115503532969,"New York, NY","16000US3651000","new-york-ny",176088,118553,543,16.94290976058932,117700,49.60747663551402,0.015551471083447723
1,"Construction (Group)",2,"Construction",2019,"2019","04000US36","New York",210187,3793.6242565652183,0.7808527896392378,"New York, NY","16000US3651000","new-york-ny",88866,3244,206067,1.9993497260599709,82915,7.177229693059157,5.1475859096324825
2,"Manufacturing (Group)",3,"Manufacturing",2019,"2019","04000US36","New York",131265,2978.362133790987,0.3180395499395908,"New York, NY","16000US3651000","new-york-ny",80046,2879,133626,-1.7668717165821024,74044,8.105991032359137,3.2147462232578987
3,"Wholesale Trade (Group)",4,"Wholesale Trade",2019,"2019","04000US36","New York",83822,2378.0935641811907,0.7913892638143105,"New York, NY","16000US3651000","new-york-ny",94624,4934,85255,-1.6808398334408539,88991,6.329853580699171,2.052843164026386
4,"Retail Trade (Group)",5,"Retail Trade",2019,"2019","04000US36","New York",371804,4611.4615904287875,0.8165522603467479,"New York, NY","16000US3651000","new-york-ny",51815,1532,378143,-1.676349952266735,49169,5.381439524903903,9.10566796017354
5,"Transportation & Warehousing, & Utilities",6,"Transportation & Warehousing",2019,"2019","04000US36","New York",252142,3473.7190444824405,1.3584722267013303,"New York, NY","16000US3651000","new-york-ny",75994,2340,245026,2.9041815970550062,73300,3.6753069577080493,6.175085073893978
5,"Transportation & Warehousing, & Utilities",7,"Utilities",2019,"2019","04000US36","New York",14932,894.0201340014663,0.44689036186901204,"New York, NY","16000US3651000","new-york-ny",140441,18396,14564,2.5267783575940674,143826,-2.353538303227511,0.36569223026463216
6,"Information (Group)",8,"Information",2019,"2019","04000US36","New York",156529,3060.491790546088,1.9060412061426908,"New York, NY","16000US3651000","new-york-ny",143505,4636,154804,1.1143122916720498,136827,4.880615667960271,3.8334743578283286
7,"Finance & Insurance, & Real Estate & Rental & Leasing",9,"Finance & Insurance",2019,"2019","04000US36","New York",257840,4188.308608495797,1.3687880223031113,"New York, NY","16000US3651000","new-york-ny",201428,5432,257510,0.12815036309269542,191020,5.448644121034447,6.314631975049073
7,"Finance & Insurance, & Real Estate & Rental & Leasing",10,"Real Estate & Rental & Leasing",2019,"2019","04000US36","New York",127591,2516.0286166894043,1.6086003781340001,"New York, NY","16000US3651000","new-york-ny",99683,2981,126317,1.0085736678356831,94276,5.735287878145021,3.1247681055246908
8,"Professional, Scientific, & Management, & Administrative & Waste Management Services",11,"Professional, Scientific, & Technical Services",2019,"2019","04000US36","New York",399640,4885.309611478068,1.3600829595713058,"New York, NY","16000US3651000","new-york-ny",157322,1886,390267,2.4016891000263922,149096,5.517250630466277,9.787385675258346
8,"Professional, Scientific, & Management, & Administrative & Waste Management Services",12,"Management of Companies & Enterprises",2019,"2019","04000US36","New York",4450,503.71817517338,0.8543892317240709,"New York, NY","16000US3651000","new-york-ny",151573,21835,3773,17.94328120858733,151398,0.11558937370374774,0.10898275011235019
8,"Professional, Scientific, & Management, & Administrative & Waste Management Services",13,"Administrative & Support & Waste Management Services",2019,"2019","04000US36","New York",162399,2615.285835238665,0.935301323875985,"New York, NY","16000US3651000","new-york-ny",62682,1699,161733,0.41178980171022617,60372,3.8262770820910355,3.9772336259540584
9,"Educational Services, & Health Care & Social Assistance",14,"Educational Services",2019,"2019","04000US36","New York",377992,4978.555011245732,0.9989342596027533,"New York, NY","16000US3651000","new-york-ny",102225,1775,371714,1.688932889264327,98943,3.3170613383463206,9.257215209093815
9,"Educational Services, & Health Care & Social Assistance",15,"Health Care & Social Assistance",2019,"2019","04000US36","New York",719467,5548.372103599397,1.2694904424238669,"New York, NY","16000US3651000","new-york-ny",83510,1493,708872,1.4946280851832205,81308,2.7082205932995524,17.62011062361399
10,"Arts, Entertainment, & Recreation, & Accommodation & Food Services",16,"Arts, Entertainment, & Recreation",2019,"2019","04000US36","New York",119625,2516.26787127285,1.3313226646234642,"New York, NY","16000US3651000","new-york-ny",74088,4697,117612,1.711560044893378,68902,7.526632028097878,2.9296767375707624
10,"Arts, Entertainment, & Recreation, & Accommodation & Food Services",17,"Accommodation & Food Services",2019,"2019","04000US36","New York",319072,4568.937075513297,1.047153468362766,"New York, NY","16000US3651000","new-york-ny",47634,566,323383,-1.333094194809251,45714,4.200026250164064,7.814234616595011
11,"Other Services, Except Public Administration (Group)",18,"Other Services, Except Public Administration",2019,"2019","04000US36","New York",215991,3701.3760954542295,1.0887909692504891,"New York, NY","16000US3651000","new-york-ny",,,218455,-1.1279210821450643,,NaN,5.28972880438576
12,"Public Administration (Group)",19,"Public Administration",2019,"2019","04000US36","New York",154261,2802.543487619773,0.8199760967939526,"New York, NY","16000US3651000","new-york-ny",132552,2616,152150,1.3874465987512323,130209,1.7994147869962906,3.7779298910294954
0,"Agriculture, Forestry, Fishing & Hunting, & Mining",0,"Agriculture, Forestry, Fishing & Hunting",2018,"2018","04000US36","New York",3327,387.00129198750744,0.06389966847798109,"New York, NY","16000US3651000","new-york-ny",44067,4474,3662,-9.14800655379574,45638,-3.4423068495551954,0.0820844870681775
0,"Agriculture, Forestry, Fishing & Hunting, & Mining",1,"Mining, Quarrying, & Oil & Gas Extraction",2018,"2018","04000US36","New York",543,167.2423391369542,0.024612473128979163,"New York, NY","16000US3651000","new-york-ny",117700,51847,734,-26.021798365122617,114311,2.96471905590888,0.013397017276230952
1,"Construction (Group)",2,"Construction",2018,"2018","04000US36","New York",206067,3681.840979727397,0.7863854599286477,"New York, NY","16000US3651000","new-york-ny",82915,3597,202954,1.5338451077584083,78858,5.144690456263157,5.084131047994629
2,"Manufacturing (Group)",3,"Manufacturing",2018,"2018","04000US36","New York",133626,2785,0.323814648462882,"New York, NY","16000US3651000","new-york-ny",74044,3514,141626,-5.648680327058591,69741,6.169971752627579,3.296850516673365
3,"Wholesale Trade (Group)",4,"Wholesale Trade",2018,"2018","04000US36","New York",85255,2259.01792821571,0.7980318208776827,"New York, NY","16000US3651000","new-york-ny",88991,3882,88797,-3.988873497978535,84470,5.352196045933468,2.103430401261639
4,"Retail Trade (Group)",5,"Retail Trade",2018,"2018","04000US36","New York",378143,4683.13794372961,0.8265555882463658,"New York, NY","16000US3651000","new-york-ny",49169,815,390430,-3.1470430038675308,47096,4.401647698318328,9.329628552275878
5,"Transportation & Warehousing, & Utilities",6,"Transportation & Warehousing",2018,"2018","04000US36","New York",245026,3652.2597114663135,1.3728093877933762,"New York, NY","16000US3651000","new-york-ny",73300,1780,236475,3.6160270641716883,72171,1.5643402474678194,6.045336197285019
5,"Transportation & Warehousing, & Utilities",7,"Utilities",2018,"2018","04000US36","New York",14564,854.0146368769097,0.4362685123590812,"New York, NY","16000US3651000","new-york-ny",143826,14753,14282,1.974513373477104,137591,4.531546394749657,0.3593262607937893
6,"Information (Group)",8,"Information",2018,"2018","04000US36","New York",154804,3185.900500643421,1.8436015116155537,"New York, NY","16000US3651000","new-york-ny",136827,3143,156248,-0.9241718293994163,130866,4.555041034340471,3.8193588626697172
7,"Finance & Insurance, & Real Estate & Rental & Leasing",9,"Finance & Insurance",2018,"2018","04000US36","New York",257510,4314.2044457814,1.3766567516909203,"New York, NY","16000US3651000","new-york-ny",191020,4257,264050,-2.4768036356750613,181841,5.047816499029372,6.353344233521607
7,"Finance & Insurance, & Real Estate & Rental & Leasing",10,"Real Estate & Rental & Leasing",2018,"2018","04000US36","New York",126317,2758.301288837026,1.6047627787552383,"New York, NY","16000US3651000","new-york-ny",94276,3070,126181,0.10778167869964575,89681,5.123716283270704,3.1165212362461605
8,"Professional, Scientific, & Management, & Administrative & Waste Management Services",11,"Professional, Scientific, & Technical Services",2018,"2018","04000US36","New York",390267,4614.347407814024,1.3661616351750783,"New York, NY","16000US3651000","new-york-ny",149096,2188,382951,1.9104271825899397,143131,4.167510881639896,9.628754588108333
8,"Professional, Scientific, & Management, & Administrative & Waste Management Services",12,"Management of Companies & Enterprises",2018,"2018","04000US36","New York",3773,425.9131366839957,0.8297760702963365,"New York, NY","16000US3651000","new-york-ny",151398,25600,3554,6.162070906021384,152436,-0.680941509879556,0.09308829867996204
8,"Professional, Scientific, & Management, & Administrative & Waste Management Services",13,"Administrative & Support & Waste Management Services",2018,"2018","04000US36","New York",161733,3224.318997866061,0.9349847370032838,"New York, NY","16000US3651000","new-york-ny",60372,1956,161241,0.30513330976612646,57205,5.536229350581243,3.9903126982258943
9,"Educational Services, & Health Care & Social Assistance",14,"Educational Services",2018,"2018","04000US36","New York",371714,4435.230433697893,0.9925873214859908,"New York, NY","16000US3651000","new-york-ny",98943,1932,370092,0.4382694032835079,94543,4.653966977988851,9.171010828392104
9,"Educational Services, & Health Care & Social Assistance",15,"Health Care & Social Assistance",2018,"2018","04000US36","New York",708872,6223.625310058439,1.261191812480753,"New York, NY","16000US3651000","new-york-ny",81308,1367,710953,-0.2927057062843817,79499,2.2755003207587516,17.48944830688101
10,"Arts, Entertainment, & Recreation, & Accommodation & Food Services",16,"Arts, Entertainment, & Recreation",2018,"2018","04000US36","New York",117612,3060.4398376703957,1.3228249218677193,"New York, NY","16000US3651000","new-york-ny",68902,3063,117461,0.12855330705510765,66700,3.3013493253373314,2.9017495320296036
10,"Arts, Entertainment, & Recreation, & Accommodation & Food Services",17,"Accommodation & Food Services",2018,"2018","04000US36","New York",323383,4683.945025296518,1.0642811282808116,"New York, NY","16000US3651000","new-york-ny",45714,662,327683,-1.3122438454237784,43173,5.88562295879369,7.978577601914169
11,"Other Services, Except Public Administration (Group)",18,"Other Services, Except Public Administration",2018,"2018","04000US36","New York",218455,3396.602125654402,1.103332244673034,"New York, NY","16000US3651000","new-york-ny",,,222158,-1.6668317143654516,,NaN,5.389770550790115
12,"Public Administration (Group)",19,"Public Administration",2018,"2018","04000US36","New York",152150,2798.6443146637976,0.8098510470538542,"New York, NY","16000US3651000","new-york-ny",130209,2619,151307,0.5571454063592564,126435,2.984932969510025,3.753878781912596
0,"Agriculture, Forestry, Fishing & Hunting, & Mining",0,"Agriculture, Forestry, Fishing & Hunting",2017,"2017","04000US36","New York",3662,458.26848026020724,0.0691409569650376,"New York, NY","16000US3651000","new-york-ny",45638,6020,3585,2.1478382147838215,44580,2.37326155226559,0.0899127119927893
0,"Agriculture, Forestry, Fishing & Hunting, & Mining",1,"Mining, Quarrying, & Oil & Gas Extraction",2017,"2017","04000US36","New York",734,227.37853900489378,0.031577667517955675,"New York, NY","16000US3651000","new-york-ny",114311,46580,701,4.70756062767475,113883,0.3758243109155888,0.018021827035146737
1,"Construction (Group)",2,"Construction",2017,"2017","04000US36","New York",202954,3678.457557183445,0.784618968637619,"New York, NY","16000US3651000","new-york-ny",78858,2769,196634,3.2140931883601,75474,4.483663248270927,4.983108833911676
2,"Manufacturing (Group)",3,"Manufacturing",2017,"2017","04000US36","New York",141626,2745.7212167297685,0.3383534526899924,"New York, NY","16000US3651000","new-york-ny",69741,2691,143497,-1.303860011010683,67779,2.894701898818218,3.4773287134600706
3,"Wholesale Trade (Group)",4,"Wholesale Trade",2017,"2017","04000US36","New York",88797,2285.3789620104585,0.8121460946273451,"New York, NY","16000US3651000","new-york-ny",84470,3049,88712,0.0958156731896474,82738,2.0933549276027943,2.1802236719889985
4,"Retail Trade (Group)",5,"Retail Trade",2017,"2017","04000US36","New York",390430,4365.5290630117215,0.8409575904206454,"New York, NY","16000US3651000","new-york-ny",47096,786,389932,0.1277145758747679,45890,2.6280235345391154,9.586187914621718
5,"Transportation & Warehousing, & Utilities",6,"Transportation & Warehousing",2017,"2017","04000US36","New York",236475,3314.611440274712,1.3610990931571127,"New York, NY","16000US3651000","new-york-ny",72171,1456,226745,4.291164083000728,71547,0.8721539687198625,5.8061465233464915
5,"Transportation & Warehousing, & Utilities",7,"Utilities",2017,"2017","04000US36","New York",14282,811.8928500732101,0.4200075793375585,"New York, NY","16000US3651000","new-york-ny",137591,7087,13158,8.54233166134671,136347,0.9123779767798337,0.3506644873514519
6,"Information (Group)",8,"Information",2017,"2017","04000US36","New York",156248,3129.075582340574,1.8206591853268221,"New York, NY","16000US3651000","new-york-ny",130866,3296,152521,2.4435979307767455,128046,2.2023335363853613,3.8363411860866585
7,"Finance & Insurance, & Real Estate & Rental & Leasing",9,"Finance & Insurance",2017,"2017","04000US36","New York",264050,4054.3636985351964,1.394569380501792,"New York, NY","16000US3651000","new-york-ny",181841,4942,263357,0.2631409075893179,171596,5.970418890883238,6.483192682057896
7,"Finance & Insurance, & Real Estate & Rental & Leasing",10,"Real Estate & Rental & Leasing",2017,"2017","04000US36","New York",126181,3009.762282971863,1.6049209204570196,"New York, NY","16000US3651000","new-york-ny",89681,2599,122790,2.7616255395390503,87176,2.87349729283289,3.0981092058880795
8,"Professional, Scientific, & Management, & Administrative & Waste Management Services",11,"Professional, Scientific, & Technical Services",2017,"2017","04000US36","New York",382951,5096.10773041544,1.3593662911590405,"New York, NY","16000US3651000","new-york-ny",143131,2369,369215,3.7203255555706027,138121,3.6272543639272814,9.402556791466592
8,"Professional, Scientific, & Management, & Administrative & Waste Management Services",12,"Management of Companies & Enterprises",2017,"2017","04000US36","New York",3554,409.78530964396464,0.9080655332012844,"New York, NY","16000US3651000","new-york-ny",152436,24708,3356,5.8998808104886775,154169,-1.1240910948374836,0.08726099902304019
8,"Professional, Scientific, & Management, & Administrative & Waste Management Services",13,"Administrative & Support & Waste Management Services",2017,"2017","04000US36","New York",161241,3159.0837279185876,0.9258393612003409,"New York, NY","16000US3651000","new-york-ny",57205,1583,157427,2.4227102085411016,56017,2.1207847617687485,3.958933805141819
9,"Educational Services, & Health Care & Social Assistance",14,"Educational Services",2017,"2017","04000US36","New York",370092,4851.0874038714255,0.9823028416432028,"New York, NY","16000US3651000","new-york-ny",94543,2046,364191,1.6203036318854664,90996,3.897973537298343,9.08683107778137
9,"Educational Services, & Health Care & Social Assistance",15,"Health Care & Social Assistance",2017,"2017","04000US36","New York",710953,5832.395048348491,1.2608336740489006,"New York, NY","16000US3651000","new-york-ny",79499,1311,691344,2.8363593232891295,78598,1.146339601516578,17.45595639798185
10,"Arts, Entertainment, & Recreation, & Accommodation & Food Services",16,"Arts, Entertainment, & Recreation",2017,"2017","04000US36","New York",117461,2883.5939381265175,1.322897835128805,"New York, NY","16000US3651000","new-york-ny",66700,2238,113707,3.301467807610789,64935,2.7181027181027178,2.884007936478707
10,"Arts, Entertainment, & Recreation, & Accommodation & Food Services",17,"Accommodation & Food Services",2017,"2017","04000US36","New York",327683,4892.478410785274,1.0719314758921796,"New York, NY","16000US3651000","new-york-ny",43173,800,323618,1.2561105995340185,40844,5.702183919302713,8.045567232095351
11,"Other Services, Except Public Administration (Group)",18,"Other Services, Except Public Administration",2017,"2017","04000US36","New York",222158,3712.7677007860325,1.1144165457499862,"New York, NY","16000US3651000","new-york-ny",,,218051,1.8835043177972126,,NaN,5.4546226845696575
12,"Public Administration (Group)",19,"Public Administration",2017,"2017","04000US36","New York",151307,2850.894771821647,0.7963137814997824,"New York, NY","16000US3651000","new-york-ny",126435,2598,149076,1.4965520942338135,123185,2.638308235580631,3.7150253177206367
0,"Agriculture, Forestry, Fishing & Hunting, & Mining",0,"Agriculture, Forestry, Fishing & Hunting",2016,"2016","04000US36","New York",3585,557.7786299240945,0.06771680266334039,"New York, NY","16000US3651000","new-york-ny",44580,7539,3886,-7.745753988677303,43098,3.4386746484755677,0.08981322606853312
0,"Agriculture, Forestry, Fishing & Hunting, & Mining",1,"Mining, Quarrying, & Oil & Gas Extraction",2016,"2016","04000US36","New York",701,222.78464938141497,0.029510809508463118,"New York, NY","16000US3651000","new-york-ny",113883,48485,541,29.57486136783734,111434,2.1977134447296156,0.017561805153149715
1,"Construction (Group)",2,"Construction",2016,"2016","04000US36","New York",196634,3189.7893347367,0.7876297714078887,"New York, NY","16000US3651000","new-york-ny",75474,2384,192344,2.2303789044628375,73808,2.2572078907435507,4.926174029221741
2,"Manufacturing (Group)",3,"Manufacturing",2016,"2016","04000US36","New York",143497,2576.251540513853,0.34737946396898256,"New York, NY","16000US3651000","new-york-ny",67779,2765,147079,-2.435425859572067,63075,7.457788347205707,3.5949591356084514
3,"Wholesale Trade (Group)",4,"Wholesale Trade",2016,"2016","04000US36","New York",88712,2270.6662018006964,0.82367166216197,"New York, NY","16000US3651000","new-york-ny",82738,1741,89249,-0.6016874138645811,80040,3.3708145927036486,2.2224577157577996
4,"Retail Trade (Group)",5,"Retail Trade",2016,"2016","04000US36","New York",389932,5098.690812355659,0.8490743627243219,"New York, NY","16000US3651000","new-york-ny",45890,903,388722,0.3112764392033381,45140,1.6614975631369076,9.768772905817366
5,"Transportation & Warehousing, & Utilities",6,"Transportation & Warehousing",2016,"2016","04000US36","New York",226745,3541.2225290145207,1.3630073495785844,"New York, NY","16000US3651000","new-york-ny",71547,1782,220463,2.8494577321364583,71629,-0.11447877256418489,5.680529970686065
5,"Transportation & Warehousing, & Utilities",7,"Utilities",2016,"2016","04000US36","New York",13158,781.0723397995861,0.3924602420552968,"New York, NY","16000US3651000","new-york-ny",136347,10740,12824,2.604491578290705,132448,2.9437968108238706,0.32964084480049066
6,"Information (Group)",8,"Information",2016,"2016","04000US36","New York",152521,2868.7910345649093,1.8057062347877582,"New York, NY","16000US3651000","new-york-ny",128046,3459,149525,2.0036783146631,123885,3.3587601404528393,3.8210329297625503
7,"Finance & Insurance, & Real Estate & Rental & Leasing",9,"Finance & Insurance",2016,"2016","04000US36","New York",263357,4070.4429734366754,1.4148628426461138,"New York, NY","16000US3651000","new-york-ny",171596,3237,262069,0.49147361954294483,168103,2.077892720534434,6.59775223925542
7,"Finance & Insurance, & Real Estate & Rental & Leasing",10,"Real Estate & Rental & Leasing",2016,"2016","04000US36","New York",122790,3081.3063787945525,1.6087397289521739,"New York, NY","16000US3651000","new-york-ny",87176,2085,120280,2.0867974725640175,84851,2.7400973471143533,3.0761969397364526
8,"Professional, Scientific, & Management, & Administrative & Waste Management Services",11,"Professional, Scientific, & Technical Services",2016,"2016","04000US36","New York",369215,4700.294884366299,1.36052775911146,"New York, NY","16000US3651000","new-york-ny",138121,2091,354907,4.031478669059782,135105,2.2323378113319268,9.24976018490752
8,"Professional, Scientific, & Management, & Administrative & Waste Management Services",12,"Management of Companies & Enterprises",2016,"2016","04000US36","New York",3356,490.0663220422313,0.9738973839439149,"New York, NY","16000US3651000","new-york-ny",154169,23454,3133,7.1177784870730925,142855,7.919918798781982,0.08407620270181232
8,"Professional, Scientific, & Management, & Administrative & Waste Management Services",13,"Administrative & Support & Waste Management Services",2016,"2016","04000US36","New York",157427,3099.4170419612783,0.9226833870196762,"New York, NY","16000US3651000","new-york-ny",56017,1730,154525,1.8780132664617377,55227,1.43045973889583,3.9439405133308134
9,"Educational Services, & Health Care & Social Assistance",14,"Educational Services",2016,"2016","04000US36","New York",364191,4480.948560293902,0.9826489129861692,"New York, NY","16000US3651000","new-york-ny",90996,2511,358234,1.6628795703367072,89461,1.7158314796391725,9.12389640589265
9,"Educational Services, & Health Care & Social Assistance",15,"Health Care & Social Assistance",2016,"2016","04000US36","New York",691344,5860.664211503676,1.2528033849292315,"New York, NY","16000US3651000","new-york-ny",78598,996,679625,1.7243332720250137,77896,0.9012016021361816,17.31989817660362
10,"Arts, Entertainment, & Recreation, & Accommodation & Food Services",16,"Arts, Entertainment, & Recreation",2016,"2016","04000US36","New York",113707,2776.990637362683,1.311275841628187,"New York, NY","16000US3651000","new-york-ny",64935,3348,110108,3.2686090020706944,66049,-1.6866265954064406,2.848645047859051
10,"Arts, Entertainment, & Recreation, & Accommodation & Food Services",17,"Accommodation & Food Services",2016,"2016","04000US36","New York",323618,5054.7263031740895,1.0808962832837579,"New York, NY","16000US3651000","new-york-ny",40844,1029,317717,1.8573132693560621,40247,1.4833403731955177,8.107441169831676
11,"Other Services, Except Public Administration (Group)",18,"Other Services, Except Public Administration",2016,"2016","04000US36","New York",218051,3782.87721185872,1.1111987524503302,"New York, NY","16000US3651000","new-york-ny",,,217820,0.10605086768891746,,NaN,5.462723502780953
12,"Public Administration (Group)",19,"Public Administration",2016,"2016","04000US36","New York",149076,2876.2818012148946,0.7921886438990047,"New York, NY","16000US3651000","new-york-ny",123185,2657,146800,1.550408719346049,123092,0.07555324472752088,3.7347270542238893
0,"Agriculture, Forestry, Fishing & Hunting, & Mining",0,"Agriculture, Forestry, Fishing & Hunting",2015,"2015","04000US36","New York",3886,546.1135413080324,0.07332447807837651,"New York, NY","16000US3651000","new-york-ny",43098,7992,3653,6.37831918970709,39255,9.789835689721055,0.09888415616775292
0,"Agriculture, Forestry, Fishing & Hunting, & Mining",1,"Mining, Quarrying, & Oil & Gas Extraction",2015,"2015","04000US36","New York",541,162.3730273167314,0.022623624419914636,"New York, NY","16000US3651000","new-york-ny",111434,46053,538,0.5576208178438662,99680,11.791733547351525,0.013766425241058757
1,"Construction (Group)",2,"Construction",2015,"2015","04000US36","New York",192344,3448.0419080979864,0.790209508323758,"New York, NY","16000US3651000","new-york-ny",73808,1573,188581,1.9954290198906572,74144,-0.4531722054380665,4.894434928957867
2,"Manufacturing (Group)",3,"Manufacturing",2015,"2015","04000US36","New York",147079,2991.23018171454,0.3595463449328515,"New York, NY","16000US3651000","new-york-ny",63075,1790,147140,-0.04145711567214898,62756,0.5083179297597042,3.7426100887794473
3,"Wholesale Trade (Group)",4,"Wholesale Trade",2015,"2015","04000US36","New York",89249,2394.943214358119,0.8340439510564749,"New York, NY","16000US3651000","new-york-ny",80040,3278,87798,1.6526572359279255,78293,2.231361679843664,2.27105302465666
4,"Retail Trade (Group)",5,"Retail Trade",2015,"2015","04000US36","New York",388722,4368.212105656043,0.8563031873740702,"New York, NY","16000US3651000","new-york-ny",45140,944,383118,1.4627347188072606,45072,0.1508697195598154,9.89152006017531
5,"Transportation & Warehousing, & Utilities",6,"Transportation & Warehousing",2015,"2015","04000US36","New York",220463,3497.850911631312,1.3659680232099531,"New York, NY","16000US3651000","new-york-ny",71629,2012,213583,3.2212301540852972,72497,-1.197290922382995,5.6099582401470185
5,"Transportation & Warehousing, & Utilities",7,"Utilities",2015,"2015","04000US36","New York",12824,768.4074440035052,0.3834687518553364,"New York, NY","16000US3651000","new-york-ny",132448,6395,12014,6.742134176793741,122772,7.881275860945493,0.3263228046050601
6,"Information (Group)",8,"Information",2015,"2015","04000US36","New York",149525,3111.9177367019197,1.79225289563944,"New York, NY","16000US3651000","new-york-ny",123885,3655,145223,2.9623406760637088,122043,1.509304097736044,3.8048516343240495
7,"Finance & Insurance, & Real Estate & Rental & Leasing",9,"Finance & Insurance",2015,"2015","04000US36","New York",262069,4046.1309914534404,1.423466870808914,"New York, NY","16000US3651000","new-york-ny",168103,2728,262446,-0.14364859818781767,165326,1.6797116001112955,6.668675224582306
7,"Finance & Insurance, & Real Estate & Rental & Leasing",10,"Real Estate & Rental & Leasing",2015,"2015","04000US36","New York",120280,2729.6404525138473,1.622036152483753,"New York, NY","16000US3651000","new-york-ny",84851,2148,118061,1.879536849594701,83338,1.8154983320934028,3.060675837328184
8,"Professional, Scientific, & Management, & Administrative & Waste Management Services",11,"Professional, Scientific, & Technical Services",2015,"2015","04000US36","New York",354907,4657.331854184325,1.3511558694164836,"New York, NY","16000US3651000","new-york-ny",135105,3093,340595,4.202058162920771,131906,2.425211893317969,9.031054866965695
8,"Professional, Scientific, & Management, & Administrative & Waste Management Services",12,"Management of Companies & Enterprises",2015,"2015","04000US36","New York",3133,482.02904476805134,0.9991717597070049,"New York, NY","16000US3651000","new-york-ny",142855,16549,3023,3.6387694343367514,139067,2.7238669130706783,0.0797231243627303
8,"Professional, Scientific, & Management, & Administrative & Waste Management Services",13,"Administrative & Support & Waste Management Services",2015,"2015","04000US36","New York",154525,3306.1037491282696,0.9218881999151743,"New York, NY","16000US3651000","new-york-ny",55227,1742,151765,1.8186011267420026,56418,-2.1110283951930238,3.9320829212099904
9,"Educational Services, & Health Care & Social Assistance",14,"Educational Services",2015,"2015","04000US36","New York",358234,4256.2548091015415,0.9763908563481268,"New York, NY","16000US3651000","new-york-ny",89461,1453,347064,3.218426572620612,90089,-0.6970884347700607,9.115714565259598
9,"Educational Services, & Health Care & Social Assistance",15,"Health Care & Social Assistance",2015,"2015","04000US36","New York",679625,5717.405880292215,1.252016380885827,"New York, NY","16000US3651000","new-york-ny",77896,996,669188,1.5596513984112088,78431,-0.6821282401091405,17.293912669971455
10,"Arts, Entertainment, & Recreation, & Accommodation & Food Services",16,"Arts, Entertainment, & Recreation",2015,"2015","04000US36","New York",110108,2751.222273826671,1.2975883932351886,"New York, NY","16000US3651000","new-york-ny",66049,3196,106295,3.5871866033209465,66373,-0.4881503020806653,2.8018365072874265
10,"Arts, Entertainment, & Recreation, & Accommodation & Food Services",17,"Accommodation & Food Services",2015,"2015","04000US36","New York",317717,4384.288425731135,1.0872316744038526,"New York, NY","16000US3651000","new-york-ny",40247,735,303017,4.851212968249306,40362,-0.28492146077994157,8.084708555108069
11,"Other Services, Except Public Administration (Group)",18,"Other Services, Except Public Administration",2015,"2015","04000US36","New York",217820,3617.3505497808756,1.122275921256847,"New York, NY","16000US3651000","new-york-ny",,,216129,0.7824031018512092,,NaN,5.54270378189911
12,"Public Administration (Group)",19,"Public Administration",2015,"2015","04000US36","New York",146800,2504.267757249612,0.7781094026131942,"New York, NY","16000US3651000","new-york-ny",123092,2636,148014,-0.8201926844757929,122651,0.35955679122061784,3.735510582971212
0,"Agriculture, Forestry, Fishing & Hunting, & Mining",0,"Agriculture, Forestry, Fishing & Hunting",2014,"2014","04000US36","New York",3653,562.4775551077572,0.06966290470078744,"New York, NY","16000US3651000","new-york-ny",39255,4029,4114,-11.20563928050559,42849,-8.387593642792131,0.09495106238360178
0,"Agriculture, Forestry, Fishing & Hunting, & Mining",1,"Mining, Quarrying, & Oil & Gas Extraction",2014,"2014","04000US36","New York",538,173.51080657987848,0.02353513418919502,"New York, NY","16000US3651000","new-york-ny",99680,53067,536,0.3731343283582089,118459,-15.852742299023289,0.013984032729914523
1,"Construction (Group)",2,"Construction",2014,"2014","04000US36","New York",188581,3191.0540578310483,0.7950035133525076,"New York, NY","16000US3651000","new-york-ny",74144,2323,185029,1.9196990741991795,73860,0.3845112374763065,4.901715383345745
2,"Manufacturing (Group)",3,"Manufacturing",2014,"2014","04000US36","New York",147140,2982.7894662547,0.3668119784020151,"New York, NY","16000US3651000","new-york-ny",62756,2276,150216,-2.0477179528146134,63052,-0.4694537841781387,3.8245549737539455
3,"Wholesale Trade (Group)",4,"Wholesale Trade",2014,"2014","04000US36","New York",87798,2248.665826662557,0.8313028062041535,"New York, NY","16000US3651000","new-york-ny",78293,3626,88252,-0.5144359334632643,77422,1.1250032290563405,2.282100568068839
4,"Retail Trade (Group)",5,"Retail Trade",2014,"2014","04000US36","New York",383118,4876.946585723489,0.8605260255394113,"New York, NY","16000US3651000","new-york-ny",45072,931,374701,2.246324402657052,44696,0.8412385895829605,9.958242846504445
5,"Transportation & Warehousing, & Utilities",6,"Transportation & Warehousing",2014,"2014","04000US36","New York",213583,3486.5227663102964,1.3657445905330505,"New York, NY","16000US3651000","new-york-ny",72497,2131,209942,1.7342885177811014,73927,-1.9343406333274717,5.55158301589839
5,"Transportation & Warehousing, & Utilities",7,"Utilities",2014,"2014","04000US36","New York",12014,761.2837841436004,0.3623302022097133,"New York, NY","16000US3651000","new-york-ny",122772,10672,12066,-0.43096303663185814,118952,3.2113793799179504,0.31227540746690163
6,"Information (Group)",8,"Information",2014,"2014","04000US36","New York",145223,2903.596735085642,1.7670204953093112,"New York, NY","16000US3651000","new-york-ny",122043,3685,142695,1.7716107782332946,118649,2.860538226196597,3.774727109918916
7,"Finance & Insurance, & Real Estate & Rental & Leasing",9,"Finance & Insurance",2014,"2014","04000US36","New York",262446,4740.168878848095,1.4449303082839804,"New York, NY","16000US3651000","new-york-ny",165326,2880,262937,-0.18673674682528513,161146,2.593921040547081,6.821660694860868
7,"Finance & Insurance, & Real Estate & Rental & Leasing",10,"Real Estate & Rental & Leasing",2014,"2014","04000US36","New York",118061,2535.4772726254123,1.6327485638577925,"New York, NY","16000US3651000","new-york-ny",83338,2011,117143,0.7836575809053892,82072,1.5425480066283264,3.0687154054394767
8,"Professional, Scientific, & Management, & Administrative & Waste Management Services",11,"Professional, Scientific, & Technical Services",2014,"2014","04000US36","New York",340595,4639.270847881163,1.3445492063266387,"New York, NY","16000US3651000","new-york-ny",131906,3227,329237,3.4497945249167015,128717,2.477528220825532,8.852958415697467
8,"Professional, Scientific, & Management, & Administrative & Waste Management Services",12,"Management of Companies & Enterprises",2014,"2014","04000US36","New York",3023,470.3073463172779,1.0339077503135343,"New York, NY","16000US3651000","new-york-ny",139067,18813,3012,0.36520584329349265,133940,3.8278333582200985,0.07857570807162009
8,"Professional, Scientific, & Management, & Administrative & Waste Management Services",13,"Administrative & Support & Waste Management Services",2014,"2014","04000US36","New York",151765,3077.115044973132,0.932868896379164,"New York, NY","16000US3651000","new-york-ny",56418,1437,147785,2.6931014649659977,56533,-0.20342101073709162,3.9447708685046052
9,"Educational Services, & Health Care & Social Assistance",14,"Educational Services",2014,"2014","04000US36","New York",347064,4339.741236525514,0.9580634854490101,"New York, NY","16000US3651000","new-york-ny",90089,1788,345267,0.5204667691960135,89771,0.3542346637555558,9.021104712593038
9,"Educational Services, & Health Care & Social Assistance",15,"Health Care & Social Assistance",2014,"2014","04000US36","New York",669188,5729.234678384191,1.2606004967003015,"New York, NY","16000US3651000","new-york-ny",78431,1123,655584,2.0750964025967686,77331,1.4224567120559672,17.393953335438734
10,"Arts, Entertainment, & Recreation, & Accommodation & Food Services",16,"Arts, Entertainment, & Recreation",2014,"2014","04000US36","New York",106295,2575.41550045813,1.285705595598344,"New York, NY","16000US3651000","new-york-ny",66373,3010,104043,2.164489682150649,66513,-0.21048516831296138,2.7628861691938
10,"Arts, Entertainment, & Recreation, & Accommodation & Food Services",17,"Accommodation & Food Services",2014,"2014","04000US36","New York",303017,4771.724740594327,1.0730834855348113,"New York, NY","16000US3651000","new-york-ny",40362,890,291162,4.071616488415384,41177,-1.9792602666537145,7.876207519926597
11,"Other Services, Except Public Administration (Group)",18,"Other Services, Except Public Administration",2014,"2014","04000US36","New York",216129,3877.7958945772275,1.1329009479770187,"New York, NY","16000US3651000","new-york-ny",,,215050,0.5017437805161591,,NaN,5.61776024141951
12,"Public Administration (Group)",19,"Public Administration",2014,"2014","04000US36","New York",148014,2853.7081140158675,0.7821039914869261,"New York, NY","16000US3651000","new-york-ny",122651,2409,151049,-2.0092817562512826,119990,2.217684807067256,3.847272528783584
0,"Agriculture, Forestry, Fishing & Hunting, & Mining",0,"Agriculture, Forestry, Fishing & Hunting",2013,"2013","04000US36","New York",4114,716.6707751820218,0.07953838645120946,"New York, NY","16000US3651000","new-york-ny",42849,9938,,NaN,,NaN,0.1085539682623449
0,"Agriculture, Forestry, Fishing & Hunting, & Mining",1,"Mining, Quarrying, & Oil & Gas Extraction",2013,"2013","04000US36","New York",536,181.1767093199344,0.02523368997893259,"New York, NY","16000US3651000","new-york-ny",118459,66573,,NaN,,NaN,0.014143151917505318
1,"Construction (Group)",2,"Construction",2013,"2013","04000US36","New York",185029,3427.8507843837074,0.78134392462825,"New York, NY","16000US3651000","new-york-ny",73860,1674,,NaN,,NaN,4.88226353758226
2,"Manufacturing (Group)",3,"Manufacturing",2013,"2013","04000US36","New York",150216,2746.1327353207093,0.37821282094558717,"New York, NY","16000US3651000","new-york-ny",63052,2612,,NaN,,NaN,3.963671097835781
3,"Wholesale Trade (Group)",4,"Wholesale Trade",2013,"2013","04000US36","New York",88252,2095.135556473614,0.8389156017633989,"New York, NY","16000US3651000","new-york-ny",77422,3419,,NaN,,NaN,2.328659408626267
4,"Retail Trade (Group)",5,"Retail Trade",2013,"2013","04000US36","New York",374701,4809.641358770943,0.854464404263551,"New York, NY","16000US3651000","new-york-ny",44696,1036,,NaN,,NaN,9.887039490002165
5,"Transportation & Warehousing, & Utilities",6,"Transportation & Warehousing",2013,"2013","04000US36","New York",209942,2961.809244363992,1.3603380640394982,"New York, NY","16000US3651000","new-york-ny",73927,2173,,NaN,,NaN,5.539629850494219
5,"Transportation & Warehousing, & Utilities",7,"Utilities",2013,"2013","04000US36","New York",12066,778.0777596101819,0.36615009082920846,"New York, NY","16000US3651000","new-york-ny",118952,7834,,NaN,,NaN,0.3183792370086178
6,"Information (Group)",8,"Information",2013,"2013","04000US36","New York",142695,2994.372388331151,1.7476963050926089,"New York, NY","16000US3651000","new-york-ny",118649,2784,,NaN,,NaN,3.7652184008739202
7,"Finance & Insurance, & Real Estate & Rental & Leasing",9,"Finance & Insurance",2013,"2013","04000US36","New York",262937,3896.2671879633717,1.452091893709093,"New York, NY","16000US3651000","new-york-ny",161146,3330,,NaN,,NaN,6.93798122338264
7,"Finance & Insurance, & Real Estate & Rental & Leasing",10,"Real Estate & Rental & Leasing",2013,"2013","04000US36","New York",117143,2547.9266080481984,1.629168827459576,"New York, NY","16000US3651000","new-york-ny",82072,1955,,NaN,,NaN,3.090991128866279
8,"Professional, Scientific, & Management, & Administrative & Waste Management Services",11,"Professional, Scientific, & Technical Services",2013,"2013","04000US36","New York",329237,4291.558341674968,1.331680450209653,"New York, NY","16000US3651000","new-york-ny",128717,2438,,NaN,,NaN,8.687404678850182
8,"Professional, Scientific, & Management, & Administrative & Waste Management Services",12,"Management of Companies & Enterprises",2013,"2013","04000US36","New York",3012,427.9369112380936,1.034522654652618,"New York, NY","16000US3651000","new-york-ny",133940,28385,,NaN,,NaN,0.07947607010359331
8,"Professional, Scientific, & Management, & Administrative & Waste Management Services",13,"Administrative & Support & Waste Management Services",2013,"2013","04000US36","New York",147785,2754.153227400393,0.9318237211548882,"New York, NY","16000US3651000","new-york-ny",56533,1499,,NaN,,NaN,3.8995255711353045
9,"Educational Services, & Health Care & Social Assistance",14,"Educational Services",2013,"2013","04000US36","New York",345267,4710.99235830414,0.9626037598754563,"New York, NY","16000US3651000","new-york-ny",89771,1654,,NaN,,NaN,9.11037991250244
9,"Educational Services, & Health Care & Social Assistance",15,"Health Care & Social Assistance",2013,"2013","04000US36","New York",655584,4883.605225650411,1.2620681459318464,"New York, NY","16000US3651000","new-york-ny",77331,1092,,NaN,,NaN,17.298552437846652
10,"Arts, Entertainment, & Recreation, & Accommodation & Food Services",16,"Arts, Entertainment, & Recreation",2013,"2013","04000US36","New York",104043,2564.069616839605,1.2879675667045003,"New York, NY","16000US3651000","new-york-ny",66513,2299,,NaN,,NaN,2.7453282741660554
10,"Arts, Entertainment, & Recreation, & Accommodation & Food Services",17,"Accommodation & Food Services",2013,"2013","04000US36","New York",291162,4703.489980854642,1.06446684471008,"New York, NY","16000US3651000","new-york-ny",41177,1043,,NaN,,NaN,7.6827395496356035
11,"Other Services, Except Public Administration (Group)",18,"Other Services, Except Public Administration",2013,"2013","04000US36","New York",215050,4029.348582587513,1.1429765624406336,"New York, NY","16000US3651000","new-york-ny",,,,NaN,,NaN,5.674411977349847
12,"Public Administration (Group)",19,"Public Administration",2013,"2013","04000US36","New York",151049,2472.9393441813327,0.8038375288645857,"New York, NY","16000US3651000","new-york-ny",119990,2875,,NaN,,NaN,3.9856510335583217